{
  "project_info": {
    "project_number": "82731266261",
    "project_id": "ken-fb-uts-lab",
    "storage_bucket": "ken-fb-uts-lab.appspot.com"
  },
  "client": [
    {
      "client_info": {
        "mobilesdk_app_id": "1:82731266261:android:9e4b67d81d778551d1b25c",
        "android_client_info": {
          "package_name": "com.example.uts_lab_kenndysusio_00000075031"
        }
      },
      "oauth_client": [],
      "api_key": [
        {
          "current_key": "AIzaSyBWY9FCxlr9ZIllN_FdIDPE9X-wtAqWQ3Y"
        }
      ],
      "services": {
        "appinvite_service": {
          "other_platform_oauth_client": []
        }
      }
    }
  ],
  "configuration_version": "1"
}